{"cameraMode":{"drawMode":0,"name":"Shaded","section":"Shading Mode"},"sceneLighting":true,"audioPlay":false,"sceneViewState":{"m_AlwaysRefresh":false,"showFog":true,"showSkybox":true,"showFlares":true,"showImageEffects":true,"showParticleSystems":true,"showVisualEffectGraphs":true,"m_FxEnabled":true},"in2DMode":false,"pivot":{"x":-0.6721831560134888,"y":0.26053422689437868,"z":3.667187213897705},"rotation":{"x":0.054208721965551379,"y":-0.041275303810834888,"z":0.0026008300483226778,"w":0.9974405765533447},"size":2.997764825820923,"orthographic":false}