{"cameraMode":{"drawMode":0,"name":"Shaded","section":"Shading Mode"},"sceneLighting":false,"audioPlay":false,"sceneViewState":{"m_AlwaysRefresh":false,"showFog":true,"showSkybox":false,"showFlares":true,"showImageEffects":true,"showParticleSystems":true,"showVisualEffectGraphs":true,"m_FxEnabled":true},"in2DMode":false,"pivot":{"x":0.15000000596046449,"y":-0.20000001788139344,"z":-0.0031394343823194505},"rotation":{"x":0.004765509162098169,"y":0.19433516263961793,"z":-0.0006865952163934708,"w":0.9806986451148987},"size":0.5513272285461426,"orthographic":false}